"PUF_ID","FWBscore","FSscore","LMscore","KHscore","finalwt"
10751,73,21,2,0.936143366607605,3.17430621828884
9240,12,49,3,-0.827504066623049,2.41154859572649
11516,24,17,3,0.194188697265927,4.07184334594756
10227,31,5,3,0.396392973204842,3.81473945967853
7746,10,42,3,0.290819488766137,0.651851882021874
9451,39,61,2,-0.436571650825674,2.05529063552618
13725,52,1,2,1.01226940251794,4.09359459321946
12915,36,33,2,-1.19261430725292,5.93568441681564
8384,46,4,0,0.168806926179677,1.54769124846905
12728,39,6,1,-0.321906526019098,5.85602271607146
10025,5,9,3,0.348506624155678,3.20390989813954
12791,39,18,3,-0.765731579379644,2.81334226332605
8080,61,35,0,-1.85555079074833,1.66662271376699
12338,12,38,2,0.627278033045353,3.18892420843244
7764,60,34,3,-0.634867840866093,0.253301422279328
11760,43,32,2,-0.59300819276413,6.48565454933792
12254,74,28,3,-1.53586010826402,3.52956311086193
13411,48,35,3,-0.435996228479082,0.238757613636553
13614,78,34,3,-0.342808106849203,1.75315788410604
7799,50,22,2,-1.17887098406558,6.16107633529231
8568,41,10,3,0.391242225141963,6.22051661776379
9894,32,15,3,-1.25816536472738,5.23052804399282
13730,49,36,1,0.906121838293504,4.05079535964876
14126,62,23,3,-0.415916784000117,2.8712596273981
7474,4,37,3,1.17994927479164,6.43329614747316
7297,19,1,2,-1.00912540352973,5.72584903605282
10452,49,32,0,-1.12986064838641,1.12630567185581
13273,7,48,2,-0.526367578309728,5.88460177969187
9380,71,26,0,0.347945469465805,2.55943868044764
9562,73,15,0,0.453759753034683,4.39676338577643
8999,46,25,3,0.0166682494075503,5.47528986189514
11965,18,35,1,1.02313755897409,5.46132669204846
14272,29,60,1,1.1726088784202,2.99683932311833
14115,31,16,1,0.411784209602279,2.95910617757589
9413,77,77,0,0.544542346372502,3.30459820097312
13354,7,11,2,-1.12037904391089,6.39534698462114
9574,40,2,1,1.24476576207019,4.15694985723123
9185,9,3,2,-1.94691017485596,3.95286447579041
8247,51,58,1,0.97467473558872,3.29772096997127
12419,62,23,2,-1.82295110972016,3.18819639241323
7817,32,68,3,0.765294032176258,1.44297114713117
10293,17,49,0,-1.36371350252978,2.63686791270971
12129,21,5,3,-1.46995960311498,1.45051034247503
10691,75,34,2,-0.0917659644789528,5.89010380597785
13841,8,35,1,-1.0784829922521,0.790080799851567
12048,42,37,0,-0.787772165265633,4.54041575158015
9087,12,18,0,-1.89606330187037,2.86262609915808
8581,4,76,2,-1.09859152580332,2.6214166681096
14168,67,59,3,-1.16855315661873,2.87788074724376
11920,12,8,0,-0.105998972478788,5.23576432293281
11626,73,53,2,-1.92686933147395,2.61939750989899
8836,37,36,3,0.90109118439164,2.00733504325151
12121,43,3,0,-1.79104099609563,5.72687651546672
13670,57,12,1,-0.866094875679817,3.58055419104174
8925,2,18,1,-0.669368854306638,0.625551312714815
7737,57,61,0,-1.50554960456351,0.785579041913152
10643,41,66,1,-0.703530177029082,4.51153437627479
10609,19,8,0,0.0721479614390992,2.24309610487893
11144,74,71,3,0.547287568425294,5.21112274127081
11894,32,40,2,-0.463028923458653,2.8399758338742
9043,74,4,3,0.746360977978911,1.31262708140537
12893,40,47,1,-1.88335674221441,3.38326030123979
12542,40,29,2,0.571851007209625,6.0659417367354
7790,4,34,1,-1.93399428143678,0.706918996274471
10674,67,19,1,-1.9349444273531,0.570223372019827
12269,52,9,0,1.01091324641951,6.58021036893129
13875,17,9,2,-0.384590800731676,5.45767847975716
7149,72,44,2,-1.94262640011311,2.91451732438058
10701,40,14,0,1.1881639080036,3.37517141174525
7946,47,69,3,0.402843955332413,5.15943379255012
8355,7,16,2,0.319181221636012,5.6701475673914
11891,33,77,0,-0.285763587265974,5.59998762439936
13606,38,19,0,-1.67908309088252,1.94719541581348
11474,48,69,3,0.0264597815861927,4.52730044584721
11723,34,39,1,1.11932200489566,0.712243066113442
12861,9,35,1,0.7894634403768,3.09400412293151
8726,34,48,0,-0.344319696505321,2.17195352561772
10565,17,70,2,-1.26216043944191,1.9306310467422
8777,40,14,2,0.40713212667685,0.700517449527979
8225,62,75,0,-0.866498508045916,0.906144313681871
9630,65,7,2,-1.77369372078311,2.01399726493284
9021,40,36,0,-1.23045492752898,6.184458992742
11200,68,9,2,-0.244288016541628,3.89007823705673
12132,75,52,1,0.5939764170798,2.70224987939
10801,76,60,1,-0.687062648000894,1.3870566913113
10577,39,22,0,-0.84139103621617,6.19150276456028
10835,65,73,0,0.503961231531342,5.04796271083876
13249,38,34,3,0.661619483317481,0.563733675703406
9457,6,49,0,0.59868105004332,5.83451600199565
9858,18,55,2,0.0395608875518665,0.206085278093815
9200,15,12,1,-0.1146151181038,0.516767024267465
11415,62,45,0,0.663518422700697,4.38058928316459
11019,7,48,0,-0.221460585779743,5.73070096505806
8296,25,73,1,0.368135960842948,0.379118686486036
12250,15,51,1,-1.59070557704871,0.430085669234395
12384,74,70,1,-0.528974157563178,4.12046386159956
14019,24,9,2,1.21125983496429,5.68693553533405
8564,47,70,3,-1.90660325886449,1.81784506186843
13587,32,46,0,0.0191794330559203,1.68947707982734
8170,64,22,3,1.26218908641953,5.73607128489763
10493,45,67,1,0.800548391887685,4.70828281568363
8192,76,42,0,-0.176695874055848,1.69741726156324
8861,61,11,1,-1.89476707114722,5.73983972307295
14310,49,37,2,0.205859999492764,1.56421857239678
8880,52,57,1,-1.83715404283535,5.61162793604657
11134,5,65,2,0.748055129289394,4.33866297893226
11656,51,60,3,0.587493558069458,3.61110561095178
9660,53,26,1,-1.07242026655562,1.94768627556041
11354,46,13,2,-1.62808998449426,1.9209139457345
11032,7,72,1,-0.687055494775763,4.66495271354914
8419,54,39,1,0.482587519586785,4.30113625625148
9853,34,56,3,0.10822102769604,0.793511625081301
9921,15,42,2,0.47610305482801,4.20456990201026
7886,1,47,2,0.326930961391656,0.0863891989924014
11631,12,8,1,-1.64223820350016,2.27917447870597
10993,64,59,0,-1.35510929999151,0.76168359786272
10942,53,63,1,-0.0587420266114642,3.37951546577737
9118,79,5,0,-1.33863322725589,0.328868080936372
13541,19,1,2,-0.412731929933652,2.23729276871309
11325,15,45,1,-0.437488384091295,2.60754937935621
13677,6,65,3,-1.55533584686066,6.0044121094048
13189,69,4,1,-0.454775414552307,1.23363247461617
13302,24,31,2,-1.80786231843592,3.60331652089953
8464,50,27,3,-0.24825765334093,0.339857958275825
7203,13,46,2,1.2134330774073,6.41683768682182
10926,20,22,0,0.267014260658761,0.685566504523158
11969,59,29,1,0.50604981429223,1.70290461326018
8818,40,43,2,-0.570309872999787,2.0751596843265
8293,35,48,2,0.490340155926999,6.2348526693508
14360,53,28,3,-0.616933896122035,0.226331620905548
14107,44,10,1,-1.12375865069288,1.54504637796432
8565,65,58,0,-0.804717677908717,4.24434778116643
7728,46,49,2,1.2372655279329,1.84906533353031
11906,67,3,3,-1.50030921983509,3.10720778230578
13239,24,29,1,-0.788261965698097,2.00730425629765
13387,39,31,1,-1.52323183093593,2.07584028873593
10647,6,65,1,-1.62186074549984,2.67948857761919
10485,61,73,0,-1.65334966849629,6.31949158348143
8098,37,23,0,-0.853458095719805,2.99339470451698
9046,29,10,2,-1.58115100191813,3.6298771931231
10761,2,17,1,0.594645451289136,1.07965227466077
9399,47,27,3,0.598029651683057,6.4508845205605
12518,55,24,2,0.534010702606524,1.7438917051442
11835,8,23,1,-1.05981145750103,3.08841549152508
9034,30,4,2,-0.366635506607592,2.34658844308928
12717,60,29,1,-0.0182163888192737,1.12722616065294
7651,55,63,2,-1.45029684084584,0.389990295171738
10413,33,3,3,-1.69906910529593,5.47354532040656
10075,78,50,3,-0.216641643457115,1.35316680857912
13127,7,59,0,-1.94417997122905,4.01298167547211
14390,72,28,3,0.61345987711288,3.06551861677319
8006,19,59,2,0.285875574945239,0.534653618335724
7271,11,56,0,-1.98200332837831,0.704326417520642
12679,45,16,2,-1.7429398745806,1.94466765291989
8712,16,21,1,-0.188677171684336,2.45715389765799
10063,67,29,0,1.11677404420753,2.57899225959554
12413,76,6,2,-0.38044257291127,3.00396185722202
8527,49,15,2,-1.00450062593422,3.86559458347037
13217,19,18,0,0.920829181793844,6.40635706348345
11514,47,50,2,-1.40720943642803,6.36252728478983
12028,44,33,2,0.382993592051556,4.22718533447012
9783,22,16,0,0.490657029195689,2.13003250868991
10046,70,56,2,0.405890146061778,3.18992396969348
9682,44,24,1,-1.43515634841751,5.02159752355889
10122,10,45,1,-1.52982026543352,3.86077611444518
7941,56,5,1,-1.88000757467211,2.19600634427741
14253,66,25,0,-0.155613573123701,5.42748019767925
14018,14,70,3,-1.25751818345347,4.34478149564937
9758,1,70,1,-1.02028473291243,2.92471047295257
13009,2,28,0,-0.575885720710736,2.9835808643885
12430,37,34,0,1.23117027346999,0.00839841170236468
13343,70,63,2,-1.5219161638869,3.13681755956262
10087,71,66,3,0.557008250662591,5.01787837481126
9295,64,53,2,-1.08573276006035,0.127417231928557
8101,11,7,0,0.992227257650578,6.01908221969381
14238,51,71,0,0.067411397586111,4.60266304856166
13358,20,8,1,-1.52177764203213,5.15254516756162
7884,34,70,2,1.19247961211461,1.9047604280524
11605,55,4,2,1.14817717033857,5.31388538198546
11146,41,58,2,0.776985281890957,3.1845645846799
10700,20,55,1,0.426406829525251,5.40039361799136
14188,26,48,3,-1.90634724429809,5.28595033060759
10915,67,24,0,-1.60829614797002,3.44278494404629
11958,60,55,2,-1.14762859631912,0.0974305703490972
11618,31,31,2,1.11784753457527,3.4019699601084
11533,34,40,3,-1.10318052890594,2.22667364118621
9890,76,11,3,-1.68939468626073,0.628024628739804
10276,41,13,0,-0.32691826388496,0.0797857328690588
9528,67,19,1,-0.103450991252903,2.90312639571726
11081,66,12,2,-0.771283922006609,0.161729030739516
12713,25,32,0,0.53879424620117,5.3855817399174
9166,47,61,1,0.351796545590041,5.04171465825289
9239,47,62,1,-0.530577570775757,1.70319177728146
13691,8,56,3,-0.127132996614091,3.96703592214733
12878,71,1,2,-1.20003155515506,0.233485820088536
7513,12,28,1,-1.24362038741913,0.331764695160091
8427,2,77,3,-0.268339706115192,0.334560845959932
11457,39,11,3,0.391664001476485,6.28315434817225
12414,76,73,3,0.413129791037179,6.28393177209422
10464,71,15,1,-0.509075141093694,2.95381301991641
7732,73,15,0,-1.62283539904701,5.47348288228735
8921,17,74,2,1.12211053347401,6.61344416365027
13334,11,49,0,-1.57956790359109,5.90638376289979
7464,64,23,1,-0.779040182880824,4.73699994288385
12578,32,15,3,-1.47596558450675,0.353778243754059
8792,77,55,3,-1.8972424909519,3.98686954136938
7226,28,52,2,-1.53379615103593,5.97904681324959
12696,59,37,2,-0.677781628203578,1.31329359252006
12342,77,56,2,0.445585138785653,2.30058043716475
13134,46,13,2,-1.06066894389805,2.55461400734261
13260,70,26,2,-1.51605299293809,2.44835786828771
14378,8,24,0,-1.33075790062989,0.571901652142406
10234,17,10,0,-0.250878065915545,2.32021253433079
12469,67,64,3,0.745318221225403,1.70315308719873
7739,32,9,2,0.578962498094886,3.74589873626828
11542,25,26,3,-1.8469907497149,4.90729392768815
13659,21,72,1,0.877982053173706,1.13373332362622
10822,47,24,1,0.376230506739812,3.8033756230399
7896,41,66,2,-1.55104569628485,1.46868359502405
11188,21,35,3,-1.39796189697995,2.38613250434399
13498,1,46,1,-1.01800255363574,1.95109251327813
10218,6,65,1,-1.89450828018016,4.65316508244723
11152,12,69,1,-0.581831353801535,4.90563632525504
9718,62,74,1,0.0450122072279919,4.07113993965089
12302,32,20,2,0.92010006779572,1.44524533120915
8652,3,70,1,-0.746988993873587,5.71181304363534
10989,39,76,2,-0.370804208290996,4.3072859897092
14148,72,18,2,0.697457806800958,2.30855868130922
10772,74,3,1,0.822423565147445,0.295029435586184
13098,6,50,2,0.276204708942212,6.54475724050775
13197,39,38,1,-1.82821440013428,2.98775947680697
9445,19,5,2,0.484011929501779,5.66273599242792
13277,65,28,0,0.996253208222333,5.87697854403406
12520,9,65,0,-1.31994902146864,5.21431859374046
10634,50,15,0,-1.11737817621068,4.15688230032101
14342,22,8,1,-1.50576664987463,4.28023660048842
8829,23,16,3,-1.89884784992691,5.01941411260515
7433,1,62,1,0.379413087961031,0.12332799969241
8807,35,68,2,1.19215642082295,0.825748705696315
10909,74,22,2,0.00373738396260892,2.31871188754216
9040,48,5,3,-1.29475294442521,2.64860720053315
8109,23,5,3,-0.016846912843641,4.36583729077131
8534,52,49,3,0.493347285361495,5.35503242565319
9099,10,53,0,-1.41583816865622,1.24132187888026
10939,58,53,1,-1.61892286786484,2.69585547668859
11786,78,26,3,0.887811263771495,2.70224638544023
12734,55,18,1,-0.645566589721711,5.616518736016
8692,23,16,1,-0.398414465347305,4.31912703959271
7476,39,34,2,-0.0811990551000927,5.09073584800586
13473,61,42,3,0.495742133258609,3.30382549233735
8386,18,36,2,0.0969841796858235,2.99664076009765
11573,3,75,0,-0.244005899245152,4.45958447743207
13272,46,1,3,-1.24611719083344,6.1746415380761
12922,43,48,1,0.820714803884271,4.52193527262658
8996,13,41,2,-1.34882595008938,0.891639110092074
10731,35,14,1,-0.335727466719458,4.20021358823404
13749,42,67,1,1.19185084636393,0.0426263031549752
11567,49,40,0,0.351211279571988,1.97301592260599
9713,48,71,0,-0.456226396523183,3.90729509351775
12147,3,60,0,-0.772440661036409,3.6461275488697
7793,33,21,2,-1.95892502889945,4.04386089744046
13102,9,58,1,-1.61195624728361,0.824845569152385
10399,25,12,3,-1.33598243857617,2.25897866366431
12945,42,11,3,-0.566994841493666,5.70890326371416
11408,53,54,1,-0.921332220104989,4.91345382297412
9957,2,21,0,0.076867323017912,4.19705894427374
12190,14,20,0,-0.91535194590129,1.64725002072752
10215,51,67,3,-1.14398286963301,2.22492843182757
12043,38,1,1,-1.26759533195407,2.44958150979131
10228,30,32,0,0.330567026964156,1.81450782347471
8176,56,72,0,-0.682470955973258,4.0037799397856
12709,24,46,2,0.783838705955306,1.28178178630769
11601,53,4,1,0.287179095811909,5.52837453996763
13254,60,40,3,0.24147300094855,4.24424091732129
7277,52,71,0,1.050321668196,1.6054588040337
10342,68,36,1,-1.10691914482997,3.76086982868612
9066,25,7,0,-0.48513539599441,2.85296221904457
9328,18,2,2,-1.79621415921999,0.35189941091463
7367,12,45,0,0.685400635086931,4.41140376657247
13359,60,33,2,0.857890975195682,4.1986959014833
11097,57,34,2,0.231321069906233,5.77091829806566
11043,59,35,3,0.197677009641658,4.11027583181858
12123,32,3,0,0.474430096962722,1.0615709207207
9842,49,49,2,-0.4787640182178,4.5762965920195
14171,43,58,2,-1.06207430770458,0.42865650927648
10838,24,59,0,-0.636860891864169,2.28138366449624
12999,17,30,3,0.898545142082265,1.88588305650279
10712,12,47,3,-0.610757190431235,0.420331009812653
13867,26,10,0,0.21299137016735,3.61962656443939
10859,37,57,0,-0.330935657818103,3.49159054782242
8320,21,46,1,-1.65407620006148,5.73988992309198
12441,76,20,1,0.731044972150587,3.49910633834079
12125,43,14,2,-0.367715852783294,4.2446257959865
9414,28,71,2,1.20564451063937,5.78112125752494
14220,69,40,0,-1.29531180497142,3.75567932358012
11485,75,26,2,-0.648330201435368,1.6592613542825
13565,19,40,1,0.238858582356712,5.66296867866069
11772,29,48,3,0.689069906411227,1.08088983476162
11525,64,19,2,-0.325667201016797,6.6256015041098
12155,59,59,0,-0.319305876853177,2.38838608803228
8373,33,37,2,-1.5614021042909,3.57586157532409
9322,21,62,1,0.200598416755209,1.10281745692715
10713,32,72,2,0.614377965109888,1.24821731088683
8578,72,22,3,-1.4057927837004,3.37487875016406
10034,58,23,3,0.333767825937597,0.588681089282036
13108,18,3,0,-0.10654968485958,3.36498073212802
13366,32,69,0,0.984523250918603,3.63934234479442
8804,3,63,3,-0.450353251830442,2.89378231558949
11447,68,57,2,-1.21612845219136,1.04734632458538
8547,76,9,1,-0.068742401168449,0.615878724008799
11347,70,5,0,-1.91079603384319,0.644229558501393
11048,23,28,2,-1.50591546647088,2.85818182133138
12159,69,3,1,-0.934286735158879,3.12503918124363
13299,8,43,3,0.814996875961777,6.05513194313273
10940,42,27,0,0.876513290068134,1.8437935013324
12596,47,68,1,-1.71374297377164,2.26241736264899
12906,14,44,1,-0.547304782261839,5.64750958813354
12226,61,6,0,-0.958017678194679,1.74072702148929
12877,53,17,1,-1.03945965496404,2.39848217282444
8805,53,59,3,-1.71458069828129,1.02946504410356
8150,53,5,2,0.497594537124271,5.33324158543721
9067,11,41,3,-0.946324578560423,5.46449280111119
8602,18,19,1,-0.390054591391003,3.44343466874212
12105,15,32,3,-1.62266568490141,1.9475945655629
7698,41,54,0,0.0297423558277079,2.88309938173741
11294,15,77,2,0.975465257484,4.23949972797185
9709,11,50,2,0.639253912508953,2.38331302601844
7276,78,51,1,0.647597097635036,2.32582694366574
14179,40,73,1,-0.629812007672619,5.45004421960562
10456,59,8,0,0.128714891428128,3.89912875428796
7614,8,62,3,-0.571869654885959,4.1191371547617
12740,13,55,1,-1.17487819664879,3.69826464766636
14266,21,61,1,1.23342200513976,0.935549240354449
9889,37,56,3,0.639307582235197,5.02722616996616
12836,14,42,3,-0.368812674044399,1.71539603406563
9720,40,9,2,-1.52100180311268,2.52607928596437
8571,53,18,1,-0.709491117595695,5.78300833052024
9717,47,7,1,0.526758964694804,5.61793914100155
10110,7,28,2,-1.75902691881754,4.10797190587968
8523,12,44,0,-0.77426622965862,4.9290421494469
10486,68,58,3,-1.55371866954677,0.0554058233089745
10428,51,22,0,-0.690248182856012,1.71231552831829
10979,67,31,2,-1.44891473490954,2.85640806207433
13804,26,57,0,0.067658053780673,2.17865260692313
13880,18,51,1,0.890700530814705,2.42086189817637
13168,69,52,2,-1.14049912728881,5.75739570291713
9131,27,14,2,-1.41808498495584,2.72711361287162
13801,34,22,1,-0.0641368172490038,6.56518298681825
10224,30,17,1,-1.50940268197819,0.602644220478833
9425,74,15,1,0.836454013040988,3.48653160074726
11038,4,4,1,-1.72087520170747,6.1259681818448
8339,63,51,3,-1.88825894156634,0.929659790694713
12743,11,2,0,-1.37853258208418,4.15903131596744
10808,34,46,2,-0.706183499459643,1.75097752958536
13583,3,62,1,0.0561552554930094,4.46782738208771
10680,71,10,2,1.22759048667969,6.39637265058234
13915,70,32,1,-0.0276680979253725,0.526662542428821
13049,16,1,0,-1.77676681673643,5.20814069533721
7674,8,58,2,0.458290310241282,2.7380039126426
10397,63,26,1,-1.82800161526701,5.50395656799898
8531,30,71,2,0.783978563525015,2.79508886018768
13053,4,16,3,-0.264414527477231,0.552281341645867
8889,24,10,1,-1.02694803818804,4.33419052997604
11044,31,17,3,0.233201786973281,5.02973983338103
13782,27,37,2,-0.909898481170414,5.56444632785395
8641,16,21,3,1.2552519877248,2.51314939919859
12943,6,74,1,-1.51001441356004,3.06509776743129
8287,77,15,2,-1.61862199731311,2.18518472380936
13211,7,16,3,-1.96896181614115,5.02955314824358
12062,38,2,0,0.975056349956663,4.64180296804756
11488,24,70,3,0.999014158394653,1.54597125275061
7246,58,23,2,0.207202289561741,0.694043585751206
8417,13,75,1,1.07431195063307,6.56467317007482
10981,39,77,1,-1.3364919544959,1.27955162290484
11062,24,25,2,-0.628581611874513,5.40399856405333
9036,9,7,0,-0.494410780078732,2.81170162355527
12601,51,74,3,-1.47706938023842,2.83113635430112
13106,55,33,2,-0.620284489136888,3.39514930326492
9300,3,45,1,-0.623898824239848,5.89998843569308
10739,51,14,2,1.02338166240137,1.6760901921615
8398,12,59,0,-0.766651604011189,2.38503358447924
8751,1,38,0,0.0997236640974877,5.47701555306092
8337,49,9,3,0.335982557694893,4.92996803840622
12451,8,33,0,-0.785408308085054,0.132389374449849
13988,76,41,3,-0.931817187631736,1.78336267482489
10198,31,69,1,-0.37779364708229,0.929988356474787
12996,57,54,3,0.712196843104902,5.38884229693562
12896,73,15,2,0.407798002635361,1.3165154068917
7758,28,47,0,-1.06468067549518,2.49356567159295
13580,49,70,3,-0.453662566993851,1.70909288993105
9886,9,10,0,0.72081983464933,5.40800577349961
11169,57,54,2,0.803052931190934,5.06855102939531
11870,67,75,0,0.676239418879384,5.39850517833605
7570,28,31,2,-0.207423129946692,5.11399624349549
12890,58,56,3,0.219209495191928,6.3450533323735
11381,22,13,3,-1.59747540711239,0.594055928066373
11212,56,20,0,-1.38108649263694,5.71778183532879
10320,47,23,2,-1.75428880930808,4.5156111539714
11582,62,36,2,-0.90693295590952,1.79421049991623
12669,28,12,0,-0.514591150144348,4.17737933402881
12032,79,40,2,0.548098547449102,6.54851598838344
8795,32,44,2,1.23483532238333,3.22618845663965
12761,18,76,1,0.281725664549973,5.95259488325566
8864,34,7,1,0.40470975666237,6.56774268224835
12081,54,60,3,-0.0936497804655227,2.13288879871368
10965,1,48,1,1.04306326616206,2.1201776563935
10821,49,39,0,-1.24840305397543,3.68276083149016
9402,14,13,0,-0.104218938348582,3.63592798287049
13686,14,71,1,-1.50171002958389,2.49396732276306
10186,44,20,2,-0.368581491909688,1.97587021056563
11950,64,6,1,0.355488098860718,1.96800929201767
13276,19,3,0,0.369691295924131,3.18093660019338
8537,7,32,0,-1.23611677900422,5.00519163139164
13723,67,24,1,-1.8378167126216,5.77842128774151
12785,64,6,3,-0.936907919040415,0.117753985673189
7783,31,37,2,0.6729711282684,0.560020397100598
8730,74,22,3,-1.64974223560141,3.1443102235347
9285,60,49,0,0.968850991811137,0.751330098640174
10250,47,49,3,1.17425524217053,0.485122522171587
13103,79,9,3,0.0345056819010061,4.76321230541915
9564,36,61,2,0.421754700960359,4.46749427262694
9808,21,39,1,0.218419190084096,5.88379514727741
11041,69,10,3,-0.0567581232830416,5.70342011712491
8964,76,22,1,-0.706067356915446,1.15324580866843
13978,79,36,0,-1.6873448339086,6.20116894820705
13620,15,46,3,-0.378573628543643,6.29157077072188
14056,59,40,2,-0.128818579876097,2.97229491654783
11167,59,60,3,-0.634416480271146,2.88287421522662
9202,6,24,0,0.728077813757583,3.39696754235774
10651,29,15,2,-0.00516076638153762,4.19222643760964
9256,79,60,3,-1.03673965556035,0.899641009513289
14102,27,66,2,0.282062591037946,3.25201092993841
12052,64,39,1,0.624151796022895,1.75288944518194
11504,3,9,3,-0.987200115857879,5.36443935358897
10005,16,72,3,-1.62326380527415,1.08513960935175
7191,55,20,0,-0.124314647210762,5.93264875885099
9650,39,8,3,-1.40932896502665,2.48959092341363
7330,31,65,0,-0.741055653772084,3.61273610590026
8316,32,2,0,1.08754812202486,1.50145025948063
13093,45,32,0,-1.65924569757632,0.264047253411263
9843,64,76,0,-1.07500255648699,0.625857820231467
13161,44,55,1,1.03399633499933,1.29446478841826
14060,44,43,3,-0.453209999995772,6.21832657139748
8653,42,6,0,-1.61359846773138,6.21583198711276
9600,29,67,1,-0.0269279863380363,0.0744383787922561
12801,78,76,2,1.04476640160079,6.47925461661071
12897,40,32,3,-1.77934687033412,2.24809896787629
12310,57,9,0,-0.921741289652418,0.674788875356316
10648,12,30,3,-1.79024105725787,5.65252393323928
13557,10,21,2,-0.361803508355981,1.88590039329603
7770,37,45,3,-1.75924658307317,0.381143472120166
11079,38,65,1,0.617182130528847,4.76461915202439
7207,1,50,1,-0.0867719210328068,5.70680477429181
13813,28,69,0,-0.46237401618436,5.30979586683214
11468,6,20,3,-1.18143121568393,0.748802725337446
9912,38,8,1,-1.41239244550583,6.37456916257739
9090,28,59,0,0.554046375037404,3.38790163474157
8016,58,11,2,-0.3168891532009,1.13360098332167
7418,34,18,0,-0.184066222846042,3.16439767202362
11014,16,9,2,0.586992355377879,2.77849760470912
13220,72,72,2,0.758664023170713,3.2216712712124
13348,65,66,1,-1.84242205389123,3.18761192264035
11585,24,44,0,-1.32075600247551,2.66002150310203
7156,53,24,3,-0.258307291134028,5.39712223282084
9714,7,51,0,-1.58219018662302,6.12097854020074
11713,76,9,2,-0.257815031495178,0.123196670468897
13275,36,11,2,-1.83964259311347,0.79098859757185
12923,41,50,2,-1.89817349643819,1.40521967999637
12480,26,55,0,-1.06066671288898,3.58808172957972
11609,22,51,2,-1.37078233649116,3.67611806461588
8217,1,13,1,0.971113614578033,3.55440766781569
9770,70,52,3,-1.71039945259155,4.51709942815825
10096,53,62,2,-0.251870636755135,6.53509813597426
11881,65,44,0,0.942753970474238,4.22122040776536
13139,18,53,1,-0.357837474031607,4.57802843624726
8530,53,40,3,0.813701879025437,2.66000130003318
10191,12,13,0,-0.821536576793529,3.65119485514238
14110,43,25,3,-0.214869206015486,4.25834710720927
7583,32,53,0,0.728638845981564,0.0657077233865857
10435,74,9,0,0.763025811729254,4.83663822878152
13984,47,44,1,-1.37108473596489,4.97046466168016
7720,73,69,2,-1.4653434970174,5.26253781534731
13250,34,4,1,-0.726646383124404,0.414428986571729
10621,77,64,1,-1.88227027122281,4.43696919029579
12229,32,45,2,0.978001373970881,4.27356518322602
7163,64,1,3,-0.855479885887587,3.89465629296377
14069,63,43,3,1.19803136523184,1.09962620688602
11499,30,11,2,0.494477966540027,5.29183018581942
8994,35,70,1,0.214274710784899,0.864401304218918
7312,51,21,0,-1.47902579948236,0.452005043514073
9496,60,45,3,0.26950103404047,3.03589560424909
8789,49,17,2,0.940095893932972,5.90504415627569
12157,71,57,0,1.02846437343513,5.23269262472168
9902,52,22,2,0.899520854464965,1.91779553527012
12510,39,38,3,-1.46410817139666,4.48701878860593
10454,41,44,3,-0.322963896528585,1.79129808561876
7632,38,41,0,0.412754698548466,4.42663835382089
10884,67,65,0,-1.07792901512841,3.12356092046946
11184,45,70,2,-1.75314783414872,2.02970730917528
12793,47,8,0,0.97430149454088,5.83504040520638
7362,54,8,0,-0.410521498935064,2.34883007932454
11384,65,59,0,-0.866325262927217,6.43730876326561
14138,12,15,0,-1.99687793594575,1.35487808488309
7447,65,68,2,0.753852346650557,1.91667956152931
9086,6,38,0,0.945444111020072,1.0787302615121
7483,52,70,2,-1.68307294672448,1.91252073166892
12718,74,63,2,0.528909460429568,2.10723046839237
7396,19,49,0,-1.72330417194893,0.814473980236799
11358,51,18,3,0.738430452704662,2.37075710318983
7381,34,57,3,-1.60411812670832,4.29728223949671
8328,46,44,1,-0.0252207638854161,0.00650003593415022
11278,18,68,1,-0.517628851933638,4.44673940397799
13085,3,55,0,-0.528134154883679,4.16161893671378
10311,73,64,3,0.584317885902244,1.38893017964438
9154,37,51,2,-1.77670659850794,3.87515260154381
12464,25,53,1,-1.27565436730627,4.57956824619323
11172,41,8,3,0.109333806034643,4.78316241076216
10220,46,24,0,-1.45070747202355,4.73627484163269
9885,2,58,0,-0.680694167569513,3.49214896911755
13332,52,26,2,-0.798471352260094,3.33267429506406
13320,26,17,0,-0.902322048907401,4.98273065315559
10781,31,46,3,0.443435665374854,3.69359648495913
12997,62,65,2,-0.380673367871204,4.79993957683444
7443,37,40,2,-0.642526176187675,2.29852445488796
12197,57,58,2,-1.76404263644456,0.999886035248637
9052,34,67,3,0.734037618662231,4.45035367548466
9163,57,64,3,-0.772392331887968,3.55398968011141
13964,25,22,0,1.14800016909209,0.101451938021928
11571,18,34,0,0.582926456584362,6.01247908905149
9563,57,31,0,-0.0638916800878944,0.112320600040257
13882,3,28,1,-0.77486634980049,4.48115180844441
11391,46,53,3,-0.98017030439782,2.91216826155782
10912,32,77,3,0.598580297125969,0.689064036365598
9829,32,9,0,-1.8177606781444,1.289761452768
13883,36,37,0,-1.4765390648942,0.251953948084265
13104,47,74,2,-1.92430419285269,5.97794368673116
13036,3,4,1,-1.0383935216777,6.26885359939188
11149,43,48,2,-1.88623676726641,0.652366373855621
8714,3,40,1,-0.803179539016448,0.826528768632561
11443,54,72,3,-1.9928857631404,1.57690311895683
8665,52,47,3,-1.69741000205022,3.75867009047419
11508,16,41,2,0.212025126451859,5.93330778889358
8010,29,31,2,-0.753112440593308,5.24207470078021
12636,78,60,1,0.295429492867552,4.17586182661354
13316,62,15,2,0.571883636382874,1.15629193147644
12230,52,52,1,0.0775574647181201,0.420612626802176
11235,70,13,2,-1.21792800708045,3.2271563827619
13971,56,35,0,0.260901880748104,1.2577035885863
10412,14,71,2,-0.570160358880414,4.54580749582499
10690,30,50,0,-0.929514489613241,0.661879398822784
10303,32,73,2,-0.349599367683288,0.414076164122671
10073,9,40,1,0.631721957423724,6.13775816749781
11145,55,75,2,-0.365297903711442,0.765491500664502
11194,62,43,3,1.12598696916574,1.39160934496671
11210,77,2,3,1.24448814406409,5.56629506943747
13581,42,77,3,-0.0500595873848071,2.21675068624318
10190,7,9,2,-1.19031481540669,5.79835091946647
11173,62,59,3,-0.161097927403636,3.62074962038547
11464,71,57,3,-1.6221415985832,4.39313949044794
11321,25,25,0,-0.424440269345185,5.78950251949951
11898,27,45,0,1.04092435752624,1.82088391076773
11679,2,39,2,-1.04897214898863,0.0305971319042146
11465,21,62,0,1.01825553834997,5.69622261151671
14280,14,23,1,-1.00914542175876,0.968566870894283
11964,31,74,2,-1.02204193742271,6.60564091382548
13020,50,77,2,-1.20190954602486,4.89824531666934
11383,19,6,0,-1.39361642833264,3.8956543520838
7427,40,27,2,0.644919360373867,0.40281771954149
7534,64,34,0,0.916215049603022,0.195464637037367
7788,16,67,1,0.235526700000279,5.38831893263385
8213,24,1,0,-0.61990842680959,5.85981045909226
11374,9,12,0,0.364986336638452,1.10080207867548
9151,56,10,2,-0.371459077532403,3.90517943117768
12677,34,39,0,0.374835117437877,2.77202022843063
10625,69,77,2,-0.707501113792416,6.2514920408465
7876,76,25,0,-0.811783304937184,1.80387991623953
13063,37,33,2,-0.388863415865228,3.47013904433697
7757,15,28,3,-1.73067936917138,0.204275769237429
8952,74,11,3,-1.14480290809018,4.97120674105361
7527,54,52,2,0.0481395936042537,2.10624473240226
8479,11,42,2,-0.143090380658629,3.60236803257838
11790,10,31,0,-0.796471399053931,0.903500090949237
10009,38,6,3,1.00407869427302,3.10864924374968
7555,27,18,3,0.504710419286508,6.20406198808923
8351,52,40,2,0.885638829146977,6.09527745228261
11115,49,58,0,0.134741044701776,3.27530179699883
9944,56,75,0,-0.994587547498988,3.60981505258009
9364,74,7,2,-1.67523190598423,3.51959870778024
14370,6,62,3,0.714016693102429,5.08700459565967
13099,16,74,2,-0.435771416852716,4.13793436026201
7723,53,68,0,-1.94010345061123,4.72646040165797
12238,61,70,1,-0.928423520091921,1.62009108999744
13086,13,47,1,0.303198641565396,4.13496620664373
9924,50,6,3,-0.661957404137589,6.22541988927871
14139,5,67,1,-0.942590526582673,6.54470474623144
8463,65,31,0,0.638341448815074,0.143124004844576
12103,32,50,0,-1.90163708515628,1.08961306475103
9114,72,70,3,0.30708707967517,0.623735256567597
12594,7,64,0,0.0682288292692972,1.43802965397015
8542,46,37,2,-0.0119654132700526,1.19420696338639
10770,17,23,3,-0.915919857513625,4.03939453506842
12398,33,66,2,0.426456528618233,0.814427648298442
7795,68,60,2,-1.82150854899082,3.85005922589451
8385,26,27,2,-1.56972258910886,0.568753012828529
9382,67,36,3,-1.78701208504406,4.67138035515323
13015,6,62,2,0.901511926992331,0.900482363440096
7315,7,8,1,-0.785611629609717,3.67684960184619
8135,54,28,3,-0.681329815751174,0.467282743938267
11999,11,12,0,-0.272723765210249,6.02339726775885
10062,47,29,2,0.773915587598923,3.09538820166141
7419,45,3,1,-1.84029159464128,1.77617511924356
8930,28,58,0,0.887980882074218,6.38568976465613
13035,6,21,0,1.13191676384164,4.6409600944072
9492,22,14,3,-0.159273970615119,3.7884345785901
11936,23,37,0,-0.644295609791996,0.211005594208837
10246,2,69,1,0.451922540264204,3.08119990859181
14100,9,18,3,-0.588834640366491,6.51069482622668
11538,25,4,1,0.74640673382231,2.99704677870497
13205,45,33,3,0.476907991947606,0.67013233544305
7529,64,43,2,-1.41345985289384,6.45867283606902
8471,38,41,1,-1.8656456055243,0.276803988683969
12268,47,72,1,-1.86553406115598,1.1121300528571
10603,40,34,0,1.23236547667836,2.11598240597174
9308,62,49,0,-0.62285375280492,1.56003093600273
12022,31,39,1,-1.23763929474773,5.37447163050994
12562,78,67,1,-1.8534494913118,1.86702947782353
13154,14,24,3,-1.20689969186089,4.30599815692753
12876,72,43,1,-1.28327985286387,2.78294273592532
14263,39,36,3,0.911716070340713,2.87215533388779
11221,7,24,2,0.603561422322178,1.14914968593046
7348,21,36,2,0.792184980873019,4.96917297318578
9633,19,23,1,-0.727983810308622,4.82107131280005
11992,32,23,2,1.23510689772456,5.8433615016751
9336,67,75,1,-1.9558363432663,3.79453798474744
9155,74,68,0,-0.658282236955362,2.9724309765175
11356,52,22,3,0.73681580305635,0.336188565846533
13679,53,20,3,-1.44168077356857,4.25270293127745
13953,75,28,3,-0.592139858627459,5.43781597206369
10814,64,14,2,-1.15817600851948,1.89846588583663
13770,4,41,3,0.395699015284888,0.0150555192306638
13121,23,8,1,1.17862220700481,0.849234842807055
8609,18,39,2,-0.0298992530433462,3.39720323555171
14346,58,69,0,-1.01966621930641,5.82777004765347
8424,34,50,2,-1.45366469394485,2.39000827789307
9129,76,45,2,-1.01543698904617,3.46460090050474
10607,43,73,3,-0.851774277183693,0.393417360540479
10978,57,5,3,-0.155249348151731,0.0980454699508846
8174,66,44,0,-0.354385773632908,1.63195496805012
10793,73,67,3,-0.449729884467553,4.97002369275317
10290,9,15,1,-0.0704461489366368,5.21600290633738
11428,7,36,2,-0.305642909546616,3.54755424205214
10922,55,22,0,-0.443127071257215,2.30366564428434
10568,49,8,0,0.0518264034134335,1.21012410918251
11902,20,4,0,0.376852694322588,0.856376836355776
13494,48,31,3,-1.26924522819882,0.280029833465815
9406,34,29,0,-0.850087388633052,3.88596257448196
12752,37,54,2,1.00504080077121,0.670568633917719
10151,42,11,1,0.707997468659887,1.02744483152404
9404,79,74,3,-1.32592559355125,6.1924309415929
8987,57,48,1,0.112097229865845,6.27823170069605
13881,18,55,3,0.127082094768761,5.35870608502999
7752,71,19,1,-1.4316757993144,2.18525142578408
10419,62,16,2,-0.697250708002597,0.22661918843165
9230,74,62,0,-0.73400161612453,5.52550543364137
11759,69,24,2,0.12437964449916,6.01219620898366
13764,23,43,3,-1.9953625156174,3.23879414506257
10150,37,69,3,0.648804758895421,4.97714971616864
8125,1,32,0,0.859051046666922,2.3163032219559
14041,37,69,3,-1.96835586479725,4.06776011062786
12987,70,32,1,-0.0502973925662227,5.75857008436695
7310,72,55,2,-0.18709497245471,6.14615195203572
11345,29,33,0,-1.42102544730576,1.83171448564157
13603,37,17,2,0.158112046029186,1.50108449704945
7574,56,71,3,-0.442147384437965,4.68392855264246
13128,49,68,0,-0.145341852183454,0.156615132801235
8396,30,65,1,-1.46453556975233,4.42518017861992
13644,26,47,0,-0.632277314533014,1.43265398344025
12431,23,58,0,-1.76062203401513,3.57434850646183
9775,59,25,2,0.893855294022709,0.824700916539878
7202,78,34,0,0.905123856895603,3.53669874727726
12591,43,23,1,0.0328883570195173,2.10294331008568
10194,2,56,1,-0.32481090809172,5.18044079760089
12380,34,39,2,-1.4917795579494,3.71318965086713
8309,12,8,0,-1.03686057883827,6.54926396727562
9551,53,38,1,-0.290081648655236,6.2105345918797
7655,32,49,0,-0.75612566746003,3.25428057961166
13353,56,40,1,1.24984777177754,2.02720103716478
7925,17,41,2,0.546278801661683,2.16075695795938
13031,20,6,0,1.07698294238164,3.49072519540787
9418,70,40,0,-0.623835515459068,0.516401230916381
12721,52,49,1,-1.6268334479332,0.339953805357218
10842,52,39,3,-1.10781880209059,0.485451106503606
7900,60,56,3,-1.33833520156401,6.49294991182163
11916,5,12,3,1.18419289973844,6.19665246311575
7582,45,20,1,-0.806286157915834,5.28207406233996
8993,10,38,3,-0.769814514623955,3.13136605177075
10115,37,25,3,0.180781008209102,5.86952214138582
7587,77,33,2,0.369493222937686,1.61101607337594
10263,41,2,3,-1.30428316633846,1.99983300590888
10988,10,6,3,-1.4871724603211,1.68425509670749
10287,7,72,3,1.07911942756199,1.18671366091818
12670,50,39,3,-0.345464595897822,5.77167979668826
8594,1,64,1,-1.44082950935164,2.21504901984706
7569,28,12,2,-0.126736086180201,3.33893707016483
13766,20,38,3,-1.52223569032969,4.77466805612668
11491,12,49,0,0.111779218653217,2.23603480765596
12349,14,30,3,-1.5537480864625,3.28192689778283
9754,51,74,2,0.0522440044977701,4.78790029941127
7588,73,11,0,-1.93849300740007,1.73663600517437
8735,13,51,0,-1.24997001723107,5.20946282293647
8854,36,11,3,-1.73568005848397,6.19983470773324
8184,33,56,1,1.0773953732755,2.47890145463869
13798,68,60,3,0.30187079486507,4.46066372605041
12874,61,55,0,-0.924609627959319,5.04620800288394
9211,33,29,0,-1.69534119106526,3.68980283314362
7675,1,26,0,0.895131612248253,2.63396674862131
8219,22,33,3,-0.344162803245476,2.13061654094607
11422,54,71,1,-1.34917078285362,3.1993833146058
9797,36,60,0,0.803746814566431,6.42582594063133
9431,57,29,3,0.874625357402023,3.39490946061909
9662,59,59,0,-1.19607615558617,3.87749732630327
13814,22,53,2,-0.593556556233903,4.70900058118626
14247,10,76,2,0.709607282807119,5.15569400476292
12845,56,35,3,0.572237700489117,3.25852795790881
11984,22,35,2,1.25246793409577,5.47738421887159
13916,46,59,3,0.702824991648784,5.3805541981943
11935,5,61,3,-1.27090567248408,1.69749797025695
11204,46,47,1,0.320790384660242,3.48737325459719
9779,69,52,0,0.321584973792313,0.869002250134945
8800,75,22,3,0.626666835445212,1.81101854261011
8888,70,65,1,1.13060535723646,6.15148365136236
7812,57,66,3,-1.64282098977407,0.713022037576884
11192,53,4,3,0.741426906308159,1.68813930211589
11523,75,16,1,0.725138277888763,1.99013760140166
11783,6,36,0,0.98567613645643,2.77915102742612
8927,51,77,3,0.388461492544506,3.61562474897131
7705,18,49,2,-0.235848780123517,2.07459792368114
14242,68,38,2,-1.55231492670183,0.771973261386156
12655,70,62,3,0.119995401324937,5.90292029861361
12559,63,37,1,0.539584946090355,2.14353742847219
10187,24,5,3,-0.500171990946401,4.00548677753657
8922,27,48,0,-1.79036023710831,0.968764682561159
13860,54,66,0,-0.26783990455512,1.52915812063962
11710,26,56,1,-0.929777772264089,5.74869484966621
9639,32,31,1,0.224563261277042,1.94970351519063
10012,23,38,0,-1.38487213774538,1.63455888513476
10638,27,9,2,0.278449362691958,3.85122178975493
12532,9,31,0,0.0922691325575578,4.79993599167094
12567,71,34,3,-0.901110258796951,3.61168846979737
7161,11,51,0,-0.983964989162516,5.87885772317648
13041,59,57,1,-0.431138640180696,1.01696939963847
8934,4,46,1,-1.11290509201889,2.48356103088707
11444,5,54,3,-1.27505901724892,6.36168839981779
8539,30,2,3,1.03707412573206,6.16234411960468
8034,77,53,0,-0.284180059927981,0.0044898877851665
12422,35,72,3,0.557917061678134,1.63484652996063
13225,48,6,0,-0.385917377133621,3.23385472508147
9294,14,75,3,-0.103861755545717,0.938341784346849
12168,64,55,0,-0.0766180411854294,5.54557382619008
8988,11,26,3,0.940393921906827,4.0963721271418
10475,20,67,1,-0.325624550178181,6.52989931341261
8206,2,53,2,-0.140785364155425,5.98745338471606
13707,50,52,3,0.325383965400979,0.497059151679277
9388,34,60,2,0.892798919974826,0.84329803775996
10447,63,46,0,-0.547426865542773,4.71624726645648
12264,15,45,3,-1.7646584641682,3.86280183695257
7333,14,42,0,-0.436430316819344,2.80338863119483
9246,75,26,2,-1.43001880841516,6.41887173606083
9476,45,5,1,-0.348698697987246,6.61910948416218
9580,72,52,1,-1.81874967617472,1.32082974534482
14386,73,17,3,-0.560685171313351,4.32869536636397
9223,73,66,3,0.107488083786331,3.90575694087893
14035,48,43,3,0.806029518696945,0.632433532644063
8980,54,72,3,0.824652592705795,4.72507966691628
7344,4,23,2,-0.398905471422244,4.7054477568157
9596,19,41,1,-1.28052921340684,1.72261993136257
8869,48,22,2,0.427036287474446,2.28287445401773
9194,71,71,1,-1.82055193748395,3.13769267957658
12502,18,63,1,0.488769732439425,4.78654229853302
8740,64,34,3,-1.86366687314701,5.95485884830356
11552,15,45,3,0.970281973808771,4.88225521070883
7329,30,26,1,-0.31494640525803,1.60973981082439
11315,27,66,0,0.313669097264297,2.78625639634207
14277,73,23,2,-0.118506134843221,3.32561641758308
11625,63,39,0,-1.38264232214564,6.51487128971145
11742,23,70,2,0.160046804023441,2.89467944439501
9968,52,57,3,0.951558814740041,0.151393273361027
13377,75,40,2,-1.03943722925335,0.314030666109174
9984,70,46,0,-0.127355488234433,5.27575176950544
14083,24,47,1,0.907663341574836,3.68435359951109
11603,16,31,2,-1.97310048934002,0.607789819054306
7446,59,6,0,-0.365615576431388,0.557321410570294
9748,56,70,0,-1.76378940056078,4.63072734979913
8965,41,75,3,0.169110236921348,5.698644248005
8620,73,5,3,1.07387372811814,3.42689697582275
8334,42,36,2,0.00673160351440316,1.78109275151044
9204,59,30,0,-1.95241280926205,1.325668372605
11341,24,19,0,-1.11075564523111,3.96549546597525
10291,75,1,2,-1.04819229607843,1.96717808755115
9482,11,75,1,1.22089631695673,1.34831079814583
14363,73,47,0,-0.373689205001807,3.02628857502714
7710,54,7,3,-0.329404453842202,0.813619340024888
13874,69,13,1,-0.344451814382803,0.35575583787635
11268,16,77,1,1.13753996325587,2.22222421210259
8047,68,4,3,-1.21901685208478,0.0666206970997155
7714,26,45,2,-1.00159679153515,1.17690018564463
10676,30,16,3,-0.916552739943843,4.62805217469111
10055,41,55,1,-0.308732925570104,2.92187991447747
10326,3,6,0,1.18488436498307,6.28798425910994
11385,52,21,1,-1.02348079222767,5.79488654304296
7619,39,65,0,0.774148641712265,5.61451475175098
7774,31,50,3,0.619680978591088,1.4498315839842
13119,28,41,2,1.01468319687736,4.24173923846334
8283,30,31,2,0.425432366903173,6.53355259038508
9153,26,59,3,0.904266159035731,3.75493600122631
8561,2,68,0,-0.646248116973322,0.0247980796918273
7782,3,36,3,0.793816398459952,2.89366595314816
12572,46,40,3,-0.602868750826921,0.93280831405893
12075,37,47,0,-0.585069884440163,3.98194601731375
7386,43,49,0,-0.566395735308528,4.80607050480321
13195,56,4,3,0.850360370277893,0.353531495146453
8841,48,76,1,-1.86880855949456,3.00727942282334
14026,20,4,1,-0.892262708164519,5.63563683142886
8619,14,1,3,0.68443733815942,5.4647713152878
7531,41,31,3,-1.8720211189969,0.831605100426823
12489,10,33,1,-1.23853486727644,3.30650525905192
13378,75,47,0,-0.728300707918359,6.55863060193136
10053,41,2,1,-1.74433843886782,4.59592983167618
8245,56,67,0,-0.451189181187889,5.2352861960046
14387,6,73,3,-1.25890171181969,4.32448284562677
10490,41,52,1,-1.03445981606678,5.19942428627983
12698,11,60,2,-1.71490102341468,4.719056508746
10440,77,45,1,-0.776990150252823,5.52994146049023
12472,4,1,2,-0.446524803751847,0.393180180098861
12818,69,6,0,-1.73197784839873,5.74407587280497
13769,29,67,1,-1.66447113842331,5.5885936733149
7279,16,58,2,-0.682797300951788,6.41650081286207
10467,46,53,1,-0.523706497931155,2.55718416452408
8677,49,10,3,-1.77341833987134,4.13456400200725
13190,13,52,2,-0.35096346276626,4.35242809902877
11033,42,14,0,-0.522376726006158,3.87032144144177
9468,25,60,0,-1.89316653169948,3.44689554812387
11526,31,65,1,-1.63380406653136,2.42424158805981
8025,23,62,1,-0.242122291678796,5.39311492288485
12335,2,57,0,-1.86004994724388,0.64631102187559
12433,6,57,3,-0.70910718246107,5.85562876395881
12855,12,26,1,0.488003983644536,5.77934384662658
12344,7,50,1,-0.735841398396762,5.01224126871675
7923,61,75,2,-0.79266760997707,3.62742541899905
10108,7,3,2,0.38453417721903,5.09286699812859
11000,50,3,2,-0.513558035488008,3.75140896251425
8844,58,76,3,-0.540259149882011,5.57586522821337
11636,62,56,3,0.285338911151746,0.0684246790222824
7380,67,76,1,-0.109084248844069,3.42652104074135
11633,53,18,0,-0.0489869185274001,4.89806431924924
13399,64,59,1,-1.2874527883681,4.91992100959644
9455,53,28,3,-0.2424456853054,0.276567936819047
8743,47,28,1,-0.00232313658716166,1.72013381604105
11687,77,20,1,-0.329987237073481,0.0982875218242407
14038,5,17,1,0.408278831870761,5.66181627044454
12265,49,26,0,-1.34998892955505,0.804475172571838
13176,70,13,3,-0.134438766325126,2.55111504854634
8832,8,43,0,-0.623172195310472,2.64842233812436
12053,34,23,1,-0.437491301213624,2.45252950208262
9925,78,40,1,0.879868818230229,1.51490775894374
11129,31,8,2,-0.844702922402648,1.89617774760351
11616,64,27,1,1.11471122492338,5.90302346443757
8702,79,17,3,0.825118708539056,3.10575545715168
7898,39,32,0,0.450748231562553,4.72625813752413
8215,69,54,1,-0.879274314937415,3.07467779584229
12975,48,67,3,-1.27007594857225,0.344537906106561
10679,58,34,2,0.32081610325817,2.28479972237721
13296,5,45,1,-0.759310640949756,0.381735885217786
8603,5,33,2,0.273518429494929,1.36426916172728
11871,25,18,3,1.01664663471002,0.639277929794043
7364,73,22,3,0.756328200790798,2.1841073984094
10321,2,48,1,0.238887163309613,0.266534568425268
10086,9,2,0,-1.91631590094976,0.51113327762112
13519,2,17,1,0.132749672475271,2.49860642693937
13752,2,63,1,-1.96714868731517,5.00815684761852
10608,60,22,0,-0.579403483471135,1.76818787276745
12689,25,44,3,0.579152834431734,6.55031665105373
7389,44,75,0,-0.715313611612655,1.42797961665317
11579,34,1,1,0.349348762001377,2.56984769172966
13840,33,4,2,1.07027486783569,1.66751164261252
7127,77,2,0,-1.93905344859301,3.65890325659886
10830,67,57,2,1.04267012630845,3.27952494645491
12871,73,68,0,-1.64190272986842,2.66316774457693
8232,58,47,2,1.23950152235525,5.69212707471102
9521,14,17,2,0.201662324357079,1.50324901903048
7617,25,27,1,-0.170537650826154,0.0307702540233731
9644,55,41,2,-1.75334126940509,0.272974763512611
14040,64,20,0,1.13281597763882,4.27494043895975
10463,1,68,2,-1.28290299869189,1.55645329840481
10409,11,49,3,-1.31130847470486,0.950261604245752
10028,11,67,3,-0.101962508096127,3.63998310735449
11613,68,21,3,0.613758583593415,2.62771250432357
12187,39,19,1,0.271208224545466,6.05551924282685
14081,63,39,0,0.315847411772935,4.30938696663827
9502,34,18,0,-1.1607603697218,3.29031175419688
14033,29,69,2,-0.0132286253632048,6.01293636977673
7439,50,23,2,-1.7107563136362,1.34095439666882
8103,70,51,0,0.922913018050604,6.45439766386524
10468,48,23,1,0.675890618524514,6.29658077931032
9489,69,45,2,-0.129198078094283,2.47487112637609
8037,78,77,2,1.23446650760272,4.56399465924129
12857,46,9,0,0.423801988374675,4.59849852634594
14125,13,44,0,0.0116255626613273,3.00498630030081
13698,69,5,3,0.269918805512134,4.72246789462864
13985,63,24,1,0.659210093926871,6.57293106006458
11123,70,11,2,0.472149472470395,1.25305801751092
8481,33,47,3,-0.0211532175072935,2.93783299230039
12775,68,42,1,0.396224393960554,3.49136601671576
8744,44,20,1,0.609557756292168,2.54127537019551
9105,54,41,1,-0.453103474447038,2.74876505067572
11909,45,45,0,0.877166985614691,4.09634663367644
8467,49,9,2,0.534296289262827,1.71258094018325
7982,53,70,0,-0.499803706344217,4.05186934415251
11016,50,45,2,0.969547567914939,4.10189376747236
8967,18,41,0,-0.474456978758797,6.56408276522532
8156,42,14,1,1.17960445267661,0.411345498599112
13831,56,58,1,-0.144076745291939,5.80447528468445
12100,6,32,2,-0.933242581077153,3.91631065115333
13582,18,64,2,1.26644829800352,2.91805114382878
11745,66,76,2,0.438672998791793,1.23191079221666
11392,29,76,1,-0.567401730235433,4.03250340247527
11058,2,62,2,-1.18401083418541,4.35191456571221
11989,59,38,1,-1.65793167430861,0.926362701803446
11151,52,51,3,-0.517353787455475,5.38569536903873
8253,17,15,2,-1.54098777568992,2.42162156324834
7472,61,37,1,-1.12840639634803,4.55344963591546
14330,13,1,3,1.10762724094233,0.943269105367362
10930,76,21,1,-1.0552740779554,4.51792133655399
11196,64,8,2,0.172132517136168,5.05815050408244
10921,28,53,2,-0.555845558878034,6.59064625116065
8420,18,8,0,-0.202754997143522,1.22185772011057
12937,64,69,2,-0.879217252677772,1.26773697707802
14349,26,49,3,-0.435734282303834,2.23515080744401
12152,16,4,1,0.548695725366939,1.90663528304547
8907,49,40,1,-1.10986951702856,0.465822350233793
9490,68,56,1,-1.69812475102744,2.24530079646036
10889,44,6,2,-1.94049365584739,4.90179324178025
13023,17,13,3,-1.94975925787352,1.68672686055303
9372,29,39,2,-0.0565470476136543,1.68230751035735
8738,43,21,0,0.0708915732062887,5.09532815180719
8378,45,50,0,-0.0412365405799355,3.1385623793304
11132,58,49,3,-1.79919558526971,4.84109622422606
11744,25,70,1,-1.72823667362216,1.42773248927668
9874,9,10,3,-1.50313538423576,2.96855830114335
11896,52,71,0,0.133283804039238,3.41756721934304
10665,76,51,0,-1.55124912658357,5.73857897458598
9960,43,14,2,-0.0677662521682214,6.61933809978887
9958,34,19,1,-1.41453566098562,3.37959778385237
10891,21,44,1,-1.74493028837838,2.35307775290683
8786,11,17,2,-0.545850293658907,5.09219879878685
10093,52,10,0,-0.284632540211082,0.153039310202003
8754,67,17,3,-0.93072097870009,1.38352706460282
12436,7,65,2,-0.10054504298605,4.15789366891608
7135,61,44,3,-0.423250970361987,3.9386688407883
11850,54,37,0,-0.460670071405824,2.95401467183605
7361,3,15,1,-0.165637464174535,2.01168293135241
9298,33,63,2,-0.843706912629539,1.8517966700159
11921,23,51,3,0.347524551153183,6.53084681848064
9928,50,13,0,-0.95255057258904,5.69741171857342
11644,67,11,0,0.40616177845234,4.15991171555594
7558,60,10,2,1.15569927186379,6.02822892257944
10286,28,76,1,0.057276779873995,2.01874003892764
11731,37,11,1,0.188001200884814,3.28112128417939
10165,32,41,2,-0.866301614078926,3.11544039990753
11296,65,30,3,-0.163407837217907,4.11105023022741
9772,32,29,1,0.960659966371953,1.05538676258177
14094,52,55,0,0.0559857733480165,2.15918927216902
10611,14,61,0,-1.69086037402716,2.89203810339794
10671,24,15,3,-1.84292477561627,5.73477861624211
8954,74,62,1,-0.44395992831816,0.0622575361095369
12470,24,65,1,0.355615222259658,5.92267902672291
7995,47,14,0,-1.30611813440803,0.124701248724014
7934,8,51,0,-1.06357403186103,3.67570597643033
8107,52,8,2,-0.801946169807343,6.04879713391885
12834,68,14,1,-0.789959537686314,0.986797603555024
12067,76,54,0,1.10766530577559,5.32887561846524
12317,42,40,0,0.501772422988899,2.01496261851862
13451,31,44,0,-1.33927512043738,3.06152755834162
8727,71,51,1,-0.53870846394077,0.985690961442888
10971,79,67,1,0.251079471951583,5.81458358129486
14234,2,24,1,0.837079612173606,5.44153112595901
10767,17,65,1,-1.4787427914557,1.15243155604228
13340,73,44,3,-0.498960841309745,1.89797295600176
9422,63,18,2,-0.290918047338491,2.92892239075154
9860,42,67,1,-1.07381211043196,4.77310131030157
11655,6,68,3,-1.65872621704056,3.30266069296747
9293,40,37,0,-0.462717323069228,4.36289297949523
11947,54,64,3,0.653888843677007,2.46090552313253
8289,54,42,2,-0.432204238724662,5.25878325093538
13702,64,38,0,-0.265328139003599,1.82560573806986
11774,10,30,1,0.737549141747411,5.38062627559528
14343,52,62,0,-1.37496115796478,6.18725260810927
11077,63,19,1,-1.54904891502135,2.75597603891045
10048,33,31,1,-0.117514399966458,4.22025022448972
7293,36,54,2,-0.344508249099832,3.8557447386533
